rank,Nombre,Distrito,Bloque,sfe_pct,asistencia_pct,bipartisan,tel_real,costo_mensual_est
1,"Picón Martínez, Nancy Viviana",SAN JUAN,PRODUCCION Y TRABAJO,74.8,0.984,0.734,0.389,5483663
2,"Monzón, Roxana",BUENOS AIRES,UNIÓN POR LA PATRIA,72.4,0.973,0.615,0.48,5845187
3,"de Andreis, Fernando",CIUDAD DE BUENOS AIRES,PRO,71.7,0.847,0.741,0.477,5076538
4,"Rodríguez, Miguel",TIERRA DEL FUEGO,LA LIBERTAD AVANZA,71.2,0.911,0.691,0.423,6541351
5,"Rodríguez Machado, Laura Elena",CORDOBA,LA LIBERTAD AVANZA,71.2,0.978,0.725,0.267,7338649
6,"Bruno, Eliana",SALTA,LA LIBERTAD AVANZA,71.0,0.919,0.647,0.464,6575334
7,"Martínez, Germán Pedro",SANTA FE,UNIÓN POR LA PATRIA,70.6,0.961,0.615,0.426,6391507
8,"Monguillot, Fernando",CATAMARCA,ELIJO CATAMARCA,70.1,0.825,0.794,0.374,7161058
9,"Tolosa Paz, Victoria",BUENOS AIRES,UNIÓN POR LA PATRIA,70.1,0.76,0.793,0.476,5341013
10,"Ajmechet, Sabrina",CIUDAD DE BUENOS AIRES,LA LIBERTAD AVANZA,69.7,0.969,0.646,0.333,5368715
11,"García Aresca, Ignacio",CORDOBA,PROVINCIAS UNIDAS,69.0,0.897,0.666,0.394,6384764
12,"Benedit, Beltrán",ENTRE RIOS,LA LIBERTAD AVANZA,68.6,0.835,0.788,0.306,4927400
13,"Arrúa, Alberto",MISIONES,INNOVACIÓN FEDERAL,67.4,0.84,0.644,0.452,5370571
14,"Menem, Martín",LA RIOJA,LA LIBERTAD AVANZA,67.4,0.978,0.645,0.227,6211601
15,"Siley, Vanesa Raquel",BUENOS AIRES,UNIÓN POR LA PATRIA,67.4,0.977,0.525,0.396,7670931
16,"Giuliano, Diego A.",SANTA FE,UNIÓN POR LA PATRIA,67.1,0.858,0.665,0.381,7181807
17,"Torres, Rubén Darío",BUENOS AIRES,LA LIBERTAD AVANZA,67.0,0.937,0.525,0.445,6382445
18,"Grabois, Juan",BUENOS AIRES,UNIÓN POR LA PATRIA,66.4,0.981,0.424,0.493,7096268
19,"Vancsik, Daniel",MISIONES,INNOVACIÓN FEDERAL,65.5,0.975,0.402,0.499,7487839
20,"Huesen, Gerardo",TUCUMAN,LA LIBERTAD AVANZA,65.1,0.939,0.468,0.445,5852484
21,"Paulón, Esteban",SANTA FE,PROVINCIAS UNIDAS,64.5,0.949,0.535,0.312,7760615
22,"Lemoine, Lilia",BUENOS AIRES,LA LIBERTAD AVANZA,64.4,0.858,0.788,0.102,5238815
23,"Moyano, Hugo Antonio",BUENOS AIRES,UNIÓN POR LA PATRIA,64.4,0.907,0.777,0.035,4672466
24,"Gutiérrez, Carlos",CORDOBA,PROVINCIAS UNIDAS,64.2,0.977,0.619,0.14,6087230
25,"López, Jimena",BUENOS AIRES,UNIÓN POR LA PATRIA,64.1,0.94,0.57,0.263,5252618
26,"Quintar, Manuel",JUJUY,LA LIBERTAD AVANZA,64.1,0.754,0.619,0.49,5624314
27,"Longo, Johanna Sabrina",BUENOS AIRES,LA LIBERTAD AVANZA,64.0,0.848,0.79,0.097,5129416
28,"Peluc, José",SAN JUAN,LA LIBERTAD AVANZA,64.0,0.786,0.754,0.246,4874018
29,"Cafiero, Santiago",BUENOS AIRES,UNIÓN POR LA PATRIA,64.0,0.953,0.63,0.152,5704008
30,"Mukdise, Jorge",SANTIAGO DEL ESTERO,UNIÓN POR LA PATRIA,63.8,0.984,0.408,0.405,5525706
31,"Serquis, Adriana Cristina",RIO NEGRO,UNIÓN POR LA PATRIA,63.6,0.966,0.473,0.338,6419164
32,"Todero, Pablo",NEUQUEN,UNIÓN POR LA PATRIA,63.5,0.854,0.572,0.374,6723942
33,"Roberto, Santiago Luis",CIUDAD DE BUENOS AIRES,UNIÓN POR LA PATRIA,63.5,0.686,0.709,0.45,6296441
33,"Biella, Bernardo",SALTA,INNOVACIÓN FEDERAL,63.5,0.77,0.788,0.205,6922256
35,"Fargosi, Alejandro",CIUDAD DE BUENOS AIRES,LA LIBERTAD AVANZA,63.2,0.835,0.562,0.404,4980296
36,"Carrancio, Alejandro",BUENOS AIRES,LA LIBERTAD AVANZA,63.0,0.938,0.614,0.159,5267919
37,"Almena, Carlos Alberto",SAN LUIS,LA LIBERTAD AVANZA,62.9,0.782,0.63,0.384,6063925
38,"Llano, Mercedes",MENDOZA,LA LIBERTAD AVANZA,62.9,0.814,0.604,0.369,4897012
39,"González, Diógenes Ignacio",CORRIENTES,UCR - UNIÓN CÍVICA RADICAL,62.7,0.95,0.395,0.436,5387703
40,"Cámpora, Lucía",CIUDAD DE BUENOS AIRES,UNIÓN POR LA PATRIA,62.6,0.757,0.595,0.461,6205716
41,"Humenuk, Gladys",BUENOS AIRES,LA LIBERTAD AVANZA,62.6,0.908,0.455,0.415,6327184
42,"Aguirre, Hilda",LA RIOJA,UNIÓN POR LA PATRIA,62.4,0.6,0.759,0.475,7202669
43,"Petri, Luis",MENDOZA,LA LIBERTAD AVANZA,62.3,0.573,0.797,0.459,4959261
44,"Ruíz, Yamila",MISIONES,INNOVACIÓN FEDERAL,62.1,0.944,0.566,0.181,6256250
45,"Macyszyn, Lorena",BUENOS AIRES,LA LIBERTAD AVANZA,61.7,0.578,0.795,0.43,4899155
46,"Zaracho, Natalia",BUENOS AIRES,UNIÓN POR LA PATRIA,61.6,0.893,0.683,0.081,6861613
47,"Propato, Agustina Lucrecia",BUENOS AIRES,UNIÓN POR LA PATRIA,61.6,0.849,0.752,0.054,6747787
48,"Brizuela, Adrián",CATAMARCA,LA LIBERTAD AVANZA,61.6,0.994,0.449,0.244,7349116
49,"Nóblega, Sebastián",CATAMARCA,ELIJO CATAMARCA,61.5,0.718,0.602,0.468,5866902
50,"Glinski, José",CHUBUT,UNIÓN POR LA PATRIA,61.4,0.862,0.536,0.326,5361371
51,"Tournier, José Federico",CORRIENTES,LA LIBERTAD AVANZA,61.4,0.96,0.593,0.088,6729068
52,"Luque, Juan Pablo",CHUBUT,UNIÓN POR LA PATRIA,61.3,0.812,0.683,0.198,7482294
53,"Frade, Mónica",BUENOS AIRES,COALICION CIVICA,61.2,0.854,0.71,0.087,5418196
54,"Holzman, Patricia",CIUDAD DE BUENOS AIRES,LA LIBERTAD AVANZA,61.2,0.897,0.713,0.013,7098134
55,"Pichetto, Miguel Ángel",BUENOS AIRES,ENCUENTRO FEDERAL,61.1,0.813,0.665,0.214,6353098
56,"Mango, Marcelo",RIO NEGRO,UNIÓN POR LA PATRIA,61.0,0.629,0.702,0.453,6640707
57,"Chica, Jorge",SAN JUAN,UNIÓN POR LA PATRIA,61.0,0.568,0.745,0.486,6402133
58,"Miño, Fernanda",BUENOS AIRES,UNIÓN POR LA PATRIA,60.8,0.645,0.671,0.46,4910592
59,"Verasay, Pamela Fernanda",MENDOZA,UCR - UNIÓN CÍVICA RADICAL,60.7,0.906,0.477,0.311,7232424
60,"Massot, Nicolás",BUENOS AIRES,ENCUENTRO FEDERAL,60.6,0.938,0.345,0.44,4935623
61,"Ardohain, Martín",LA PAMPA,PRO,60.5,0.671,0.773,0.265,7252278
62,"Pellegrini, Agustín",SANTA FE,LA LIBERTAD AVANZA,60.5,0.997,0.578,0.016,7146219
63,"Roca, Gonzalo",CORDOBA,LA LIBERTAD AVANZA,59.9,0.825,0.547,0.31,6643940
64,"Hadad, Raúl",CORRIENTES,UNIÓN POR LA PATRIA,59.7,0.619,0.762,0.329,6133904
65,"López Pasquali, Cecilia",SANTIAGO DEL ESTERO,UNIÓN POR LA PATRIA,59.4,0.968,0.527,0.088,6837249
66,"Ibañez, María Cecilia",CORDOBA,LA LIBERTAD AVANZA,59.3,0.915,0.604,0.063,5259659
67,"Lanesan Sancho, Moira",SANTA CRUZ,UNIÓN POR LA PATRIA,59.3,0.791,0.627,0.229,6315924
68,"Lluch, Enrique",CORDOBA,LA LIBERTAD AVANZA,59.2,0.912,0.444,0.286,7340091
69,"Nieri, Lisandro",MENDOZA,UCR - UNIÓN CÍVICA RADICAL,59.0,0.783,0.51,0.394,6358364
70,"Andrade, Javier",CIUDAD DE BUENOS AIRES,UNIÓN POR LA PATRIA,59.0,0.687,0.68,0.309,7122717
71,"Brügge, Juan Fernando",CORDOBA,PROVINCIAS UNIDAS,59.0,0.746,0.782,0.071,6885341
72,"Bongiovanni, Alejandro",SANTA FE,LA LIBERTAD AVANZA,58.9,0.804,0.635,0.181,6187905
73,"Moreau, Cecilia",BUENOS AIRES,UNIÓN POR LA PATRIA,58.7,0.833,0.581,0.202,6610945
74,"Muñoz, Gabriela Luciana",NEUQUEN,LA LIBERTAD AVANZA,58.6,0.968,0.45,0.167,6093868
75,"Casas, Sergio Guillermo",LA RIOJA,UNIÓN POR LA PATRIA,58.6,0.646,0.618,0.445,6741043
76,"Pitrola, Nestor",BUENOS AIRES,FRENTE DE IZQUIERDA Y DE TRABAJADORES UNIDAD,58.5,0.843,0.383,0.454,5698347
77,"Zigarán, María Inés",JUJUY,PROVINCIAS UNIDAS,58.4,0.604,0.64,0.475,7458966
78,"Félix, Emir",MENDOZA,UNIÓN POR LA PATRIA,58.4,0.988,0.3,0.336,5809953
79,"Razzini, Verónica",SANTA FE,LA LIBERTAD AVANZA,58.4,0.554,0.698,0.472,5402117
80,"Becerra, Mónica",SAN LUIS,LA LIBERTAD AVANZA,58.3,0.573,0.742,0.376,7270128
81,"Daives, Ricardo",SANTIAGO DEL ESTERO,UNIÓN POR LA PATRIA,58.3,0.942,0.403,0.259,7131643
82,"Frias, Maira",CHUBUT,LA LIBERTAD AVANZA,58.0,0.733,0.636,0.255,7718870
83,"de la Sota, Natalia",CORDOBA,DEFENDAMOS CÓRDOBA,57.8,0.854,0.391,0.399,5773564
84,"Laumann, Andrés Ariel",ENTRE RIOS,LA LIBERTAD AVANZA,57.6,0.852,0.337,0.469,5701532
85,"Santillán Juárez Brahim, Juliana",BUENOS AIRES,LA LIBERTAD AVANZA,57.5,0.761,0.534,0.336,5778977
86,"Ansaloni, Pablo",BUENOS AIRES,LA LIBERTAD AVANZA,57.3,0.968,0.445,0.121,6983893
87,"Hartfield, Diego",MISIONES,LA LIBERTAD AVANZA,57.1,0.682,0.549,0.425,7228510
88,"Velázquez, M. Elena",BUENOS AIRES,UNIÓN POR LA PATRIA,57.0,0.587,0.622,0.471,5220349
89,"Ravera, Valentina",SANTA FE,LA LIBERTAD AVANZA,57.0,0.848,0.439,0.308,6845469
90,"Estévez, Gabriela Beatriz",CORDOBA,UNIÓN POR LA PATRIA,56.8,0.884,0.316,0.417,7178588
91,"Ianni, Ana María",SANTA CRUZ,UNIÓN POR LA PATRIA,56.7,0.694,0.515,0.438,7143283
92,"Neder, Estela Mary",SANTIAGO DEL ESTERO,UNIÓN POR LA PATRIA,56.6,0.91,0.297,0.393,6828342
93,"Zago, Oscar",CIUDAD DE BUENOS AIRES,MID - MOVIMIENTO DE INTEGRACIÓN Y DESARROLLO,56.5,0.803,0.538,0.221,5951366
94,"Yedlin, Pablo Raúl",TUCUMAN,UNIÓN POR LA PATRIA,56.4,0.891,0.564,0.04,5635415
95,"Riesco, Gastón",NEUQUEN,LA LIBERTAD AVANZA,56.3,0.59,0.682,0.355,6376686
96,"Yasky, Hugo",BUENOS AIRES,UNIÓN POR LA PATRIA,56.3,0.887,0.588,0.009,5349489
97,"Benegas Lynch, Bertie",BUENOS AIRES,LA LIBERTAD AVANZA,55.9,0.814,0.584,0.117,6605788
98,"Avila, Fernanda",CATAMARCA,ELIJO CATAMARCA,55.9,0.78,0.601,0.147,6657719
99,"González, Álvaro",CIUDAD DE BUENOS AIRES,PRO,55.9,0.668,0.579,0.356,5447042
100,"Vega, Yolanda",SALTA,INNOVACIÓN FEDERAL,55.9,0.706,0.674,0.161,5571594
101,"Michel, Guillermo",ENTRE RIOS,UNIÓN POR LA PATRIA,55.8,0.838,0.386,0.351,6560805
102,"Soldano, Laura",CORDOBA,LA LIBERTAD AVANZA,55.7,0.901,0.22,0.48,6899736
103,"Molinuevo, Soledad",TUCUMAN,LA LIBERTAD AVANZA,55.7,0.981,0.311,0.224,5704133
104,"Sánchez Wrba, Javier",BUENOS AIRES,PRO,55.5,0.591,0.724,0.26,6317309
105,"Visconti, Gino",LA RIOJA,LA LIBERTAD AVANZA,55.4,0.948,0.378,0.172,6616596
106,"Banfi, Karina",BUENOS AIRES,ADELANTE BUENOS AIRES,55.4,0.802,0.603,0.087,6546424
107,"Ferreyra, Alida",CIUDAD DE BUENOS AIRES,LA LIBERTAD AVANZA,55.3,0.665,0.471,0.489,6681977
108,"Medina, Gladys",TUCUMAN,INDEPENDENCIA,55.3,0.853,0.602,0.004,7154796
109,"Guzmán, Jairo",SANTA CRUZ,LA LIBERTAD AVANZA,55.2,0.986,0.371,0.112,4754654
110,"Gutiérrez, Ramiro",BUENOS AIRES,UNIÓN POR LA PATRIA,55.1,0.599,0.633,0.359,6673184
111,"Molina, Juan Carlos",SANTA CRUZ,UNIÓN POR LA PATRIA,55.0,0.965,0.411,0.082,6355974
111,"Olmos, Kelly",CIUDAD DE BUENOS AIRES,UNIÓN POR LA PATRIA,55.0,0.959,0.312,0.23,6706147
113,"Bordet, Gustavo",ENTRE RIOS,UNIÓN POR LA PATRIA,54.9,0.623,0.509,0.488,5141753
114,"Zulli, Christian Alejandro",CORRIENTES,UNIÓN POR LA PATRIA,54.9,0.645,0.611,0.308,7075606
115,"Rossi, Agustín Oscar",SANTA FE,UNIÓN POR LA PATRIA,54.8,0.69,0.701,0.106,7469899
116,"Campo, Julieta Marisol",CHACO,UNIÓN POR LA PATRIA,54.7,0.769,0.58,0.146,4611500
117,"Ojeda, Joaquín",BUENOS AIRES,LA LIBERTAD AVANZA,54.6,0.795,0.539,0.159,5467628
118,"Patiño Brizuela, Marcos",CORDOBA,LA LIBERTAD AVANZA,54.5,0.724,0.395,0.469,5348639
119,"Volnovich, Luana",BUENOS AIRES,UNIÓN POR LA PATRIA,54.2,0.778,0.563,0.133,6211531
120,"Freites, Andrea",TIERRA DEL FUEGO,UNIÓN POR LA PATRIA,54.1,0.844,0.459,0.172,6663552
121,"Kirchner, Máximo Carlos",BUENOS AIRES,UNIÓN POR LA PATRIA,54.1,0.799,0.617,0.021,5763568
122,"Schneider, Darío",ENTRE RIOS,UCR - UNIÓN CÍVICA RADICAL,53.9,0.995,0.369,0.049,7315343
123,"Galmarini, Sebastián",BUENOS AIRES,UNIÓN POR LA PATRIA,53.5,0.957,0.43,0.005,5843504
124,"Tailhade, Rodolfo",BUENOS AIRES,UNIÓN POR LA PATRIA,53.4,0.833,0.306,0.375,5466508
125,"De Sensi, María Florencia",BUENOS AIRES,PRO,53.3,0.767,0.536,0.156,4787198
126,"Maureira, Karina",NEUQUEN,LA NEUQUINIDAD,53.3,0.788,0.272,0.491,5873742
127,"Andreussi, Barbara",JUJUY,LA LIBERTAD AVANZA,53.1,0.794,0.482,0.177,4911042
128,"Mayoraz, Nicolás",SANTA FE,LA LIBERTAD AVANZA,53.0,0.824,0.361,0.296,6789757
129,"Snopek, Guillermo",JUJUY,UNIÓN POR LA PATRIA,52.9,0.797,0.541,0.082,5374439
130,"Ferrán, Abelardo",LA PAMPA,UNIÓN POR LA PATRIA,52.8,0.725,0.499,0.254,5592547
131,"Pareja, Sebastián",BUENOS AIRES,LA LIBERTAD AVANZA,52.7,0.967,0.301,0.138,4631784
132,"González, Gerardo Gustavo",FORMOSA,INNOVACIÓN FEDERAL,52.6,0.66,0.471,0.39,6252742
133,"Noguera, Javier",TUCUMAN,INDEPENDENCIA,52.6,0.709,0.381,0.437,4516845
134,"Treffinger, César",CHUBUT,LA LIBERTAD AVANZA,52.5,0.794,0.44,0.215,6524071
135,"Capozzi, Sergio Eduardo",RIO NEGRO,PROVINCIAS UNIDAS,52.5,0.829,0.28,0.381,6670102
135,"Vásquez, Patricia",BUENOS AIRES,LA LIBERTAD AVANZA,52.5,0.877,0.283,0.3,6578652
137,"Yeza, Martín",BUENOS AIRES,PRO,52.3,0.572,0.522,0.446,7072571
138,"Valdés, Eduardo Félix",CIUDAD DE BUENOS AIRES,UNIÓN POR LA PATRIA,52.3,0.95,0.144,0.37,6504797
139,"Basterra, Luis Eugenio",FORMOSA,UNIÓN POR LA PATRIA,52.2,0.675,0.653,0.093,6571466
139,"Castagneto, Carlos Daniel",BUENOS AIRES,UNIÓN POR LA PATRIA,52.2,0.686,0.546,0.225,5095622
141,"Arrieta, Lourdes Micaela",MENDOZA,PROVINCIAS UNIDAS,52.1,0.745,0.375,0.367,6926552
142,"Avila, Jorge Antonio",CHUBUT,PROVINCIAS UNIDAS,52.1,0.804,0.252,0.444,4766309
143,"García, María Teresa",BUENOS AIRES,UNIÓN POR LA PATRIA,51.9,0.693,0.476,0.302,6717455
144,"Arabia, Damián",CIUDAD DE BUENOS AIRES,LA LIBERTAD AVANZA,51.8,0.895,0.293,0.23,4975683
145,"Alí, Ernesto ""Pipi""",SAN LUIS,UNIÓN POR LA PATRIA,51.7,0.678,0.629,0.104,5048078
146,"Cisneros, Carlos",TUCUMAN,UNIÓN POR LA PATRIA,51.6,0.638,0.511,0.329,6387687
147,"Leone, Andrés",CIUDAD DE BUENOS AIRES,LA LIBERTAD AVANZA,51.5,0.892,0.15,0.422,5454051
148,"Pauli, Santiago",TIERRA DEL FUEGO,LA LIBERTAD AVANZA,51.5,0.722,0.474,0.24,7183795
149,"Strada, Julia",BUENOS AIRES,UNIÓN POR LA PATRIA,51.4,0.917,0.119,0.421,4771433
150,"Del Plá, Romina",BUENOS AIRES,FRENTE DE IZQUIERDA Y DE TRABAJADORES UNIDAD,51.2,0.799,0.224,0.456,6201744
150,"Pokoik, Lorena",CIUDAD DE BUENOS AIRES,UNIÓN POR LA PATRIA,51.2,0.868,0.116,0.497,7213245
152,"Palazzo, Sergio Omar",BUENOS AIRES,UNIÓN POR LA PATRIA,51.2,0.555,0.48,0.486,5687118
153,"Molle, Matías",BUENOS AIRES,UNIÓN POR LA PATRIA,51.1,0.581,0.462,0.467,6304366
154,"Álvarez, Claudio",SAN LUIS,INNOVACIÓN FEDERAL,51.0,0.616,0.51,0.342,7190777
155,"Petrovich, María Lorena",BUENOS AIRES,LA LIBERTAD AVANZA,50.9,0.687,0.412,0.361,6852258
156,"Taiana, Jorge",BUENOS AIRES,UNIÓN POR LA PATRIA,50.8,0.797,0.355,0.26,4982193
157,"Penacca, Paula Andrea",CIUDAD DE BUENOS AIRES,UNIÓN POR LA PATRIA,50.7,0.89,0.406,0.036,5863076
158,"Niveyro, Miriam",BUENOS AIRES,LA LIBERTAD AVANZA,50.5,0.752,0.428,0.216,7152005
159,"Mondaca, Soledad",NEUQUEN,LA LIBERTAD AVANZA,50.2,0.98,0.252,0.089,7239747
160,"Ponce, María Celeste",CORDOBA,LA LIBERTAD AVANZA,50.2,0.634,0.491,0.308,6166412
161,"Potenza, Luciana",BUENOS AIRES,UNIÓN POR LA PATRIA,50.1,0.772,0.244,0.427,5305126
162,"Dolce, Sergio",CHACO,UNIÓN POR LA PATRIA,50.0,0.847,0.39,0.1,6112710
163,"Bornoroni, Gabriel",CORDOBA,LA LIBERTAD AVANZA,50.0,0.764,0.297,0.36,4841521
163,"Campitelli, Celia",SANTIAGO DEL ESTERO,UNIÓN POR LA PATRIA,50.0,0.991,0.129,0.232,5123734
165,"Bregman, Myriam",CIUDAD DE BUENOS AIRES,FRENTE DE IZQUIERDA Y DE TRABAJADORES UNIDAD,49.8,0.807,0.21,0.408,5751470
166,"Rizzotti, Jorge",JUJUY,PROVINCIAS UNIDAS,49.8,0.741,0.358,0.306,5966971
167,"Bianchetti, Emmanuel",MISIONES,PRO,49.8,0.661,0.595,0.1,7104395
168,"Zapata, Carlos Raúl",SALTA,LA LIBERTAD AVANZA,49.7,0.551,0.767,0.033,5303747
169,"Santurio, Santiago",BUENOS AIRES,LA LIBERTAD AVANZA,49.7,0.658,0.562,0.148,7156046
170,"Jaime Quiroga, Carlos Gustavo",SAN JUAN,PRODUCCION Y TRABAJO,49.3,0.941,0.265,0.096,6491252
171,"Carignano, Florencia",SANTA FE,UNIÓN POR LA PATRIA,49.2,0.906,0.288,0.113,5508799
172,"García, Carlos",CHACO,LA LIBERTAD AVANZA,49.1,0.579,0.444,0.416,5889604
173,"Aveiro, Martín",MENDOZA,UNIÓN POR LA PATRIA,49.1,0.8,0.302,0.26,4961622
174,"Diez, Romina",SANTA FE,LA LIBERTAD AVANZA,49.0,0.623,0.484,0.287,6250416
175,"de la Rosa, María Graciela",FORMOSA,UNIÓN POR LA PATRIA,48.9,0.742,0.459,0.127,6515057
176,"González Estevarena, María Luisa",BUENOS AIRES,LA LIBERTAD AVANZA,48.9,0.724,0.3,0.376,6746727
177,"Araujo Hernández, Jorge Neri",TIERRA DEL FUEGO,UNIÓN POR LA PATRIA,48.8,0.768,0.306,0.293,6413590
178,"Pelli, Federico Agustín",TUCUMAN,LA LIBERTAD AVANZA,48.6,0.67,0.51,0.156,5817699
179,"Bonacci, Rocío",SANTA FE,LA LIBERTAD AVANZA,48.4,0.701,0.272,0.432,5466846
180,"Rauschenberger, Ariel",LA PAMPA,UNIÓN POR LA PATRIA,48.3,0.708,0.356,0.302,5416609
181,"Gonzales, Alfredo",JUJUY,LA LIBERTAD AVANZA,48.3,0.836,0.334,0.125,5143486
182,"Emma, Nicolás",CIUDAD DE BUENOS AIRES,LA LIBERTAD AVANZA,48.1,0.625,0.321,0.473,6286741
183,"Tita, Paulo Agustín",TIERRA DEL FUEGO,UNIÓN POR LA PATRIA,48.0,0.75,0.277,0.334,6504012
184,"Falcone, Eduardo",BUENOS AIRES,MID - MOVIMIENTO DE INTEGRACIÓN Y DESARROLLO,48.0,0.712,0.461,0.135,5768409
185,"Montenegro, Juan Pablo",SANTA FE,LA LIBERTAD AVANZA,48.0,0.612,0.358,0.439,5732330
186,"Tomassoni, Yamile",SANTA FE,LA LIBERTAD AVANZA,48.0,0.996,0.204,0.039,7228557
187,"Moreno Ovalle, Julio",SALTA,LA LIBERTAD AVANZA,47.8,0.767,0.34,0.209,4408446
188,"Manrique, Mario",BUENOS AIRES,UNIÓN POR LA PATRIA,47.8,0.82,0.196,0.325,5992504
189,"Fernández Molero, Daiana",CIUDAD DE BUENOS AIRES,PRO,47.8,0.738,0.396,0.175,6367750
190,"Leiva, Aldo",CHACO,UNIÓN POR LA PATRIA,47.7,0.871,0.11,0.359,6435828
191,"Nuñez, José",SANTA FE,PROVINCIAS UNIDAS,47.6,0.772,0.249,0.32,5496282
192,"Marín, Varinia Lis",LA PAMPA,UNIÓN POR LA PATRIA,47.5,0.555,0.498,0.316,5458913
193,"Díaz, Fernanda",BUENOS AIRES,UNIÓN POR LA PATRIA,47.2,0.604,0.398,0.365,7306728
194,"Avico, Belén",CORDOBA,LA LIBERTAD AVANZA,47.2,0.822,0.334,0.104,7157759
195,"Farías, Pablo",SANTA FE,PROVINCIAS UNIDAS,47.1,0.752,0.324,0.227,7375419
196,"Parola, María Graciela",FORMOSA,UNIÓN POR LA PATRIA,47.1,0.571,0.553,0.195,6478491
197,"Hagman, Itai",CIUDAD DE BUENOS AIRES,UNIÓN POR LA PATRIA,46.5,0.738,0.152,0.467,6608556
198,"Outes, Pablo",SALTA,INNOVACIÓN FEDERAL,46.5,0.875,0.323,0.006,5885549
199,"Castelnuovo, Giselle",BUENOS AIRES,LA LIBERTAD AVANZA,46.3,0.771,0.337,0.147,6715839
200,"Trotta, Nicolás Alfredo",BUENOS AIRES,UNIÓN POR LA PATRIA,46.3,0.931,0.17,0.124,5537482
201,"Palladino, Claudia María",CATAMARCA,UNIÓN POR LA PATRIA,46.0,0.871,0.292,0.036,7028599
202,"Finocchiaro, Alejandro",BUENOS AIRES,PRO,45.8,0.804,0.198,0.268,7188538
203,"Basualdo, Carolina",CORDOBA,PROVINCIAS UNIDAS,45.8,0.719,0.205,0.394,7103073
204,"Marino, Juan",BUENOS AIRES,UNIÓN POR LA PATRIA,45.7,0.752,0.129,0.445,5704509
205,"Cipolini, Gerardo",CHACO,UCR - UNIÓN CÍVICA RADICAL,45.6,0.613,0.289,0.437,5591375
206,"Pedrali, Gabriela",LA RIOJA,UNIÓN POR LA PATRIA,45.4,0.638,0.22,0.488,5858109
207,"García, Álvaro",BUENOS AIRES,LA LIBERTAD AVANZA,45.4,0.569,0.294,0.494,6945042
208,"Andino, Cristian",SAN JUAN,UNIÓN POR LA PATRIA,45.4,0.785,0.312,0.122,5716884
209,"Figliuolo, Sergio",BUENOS AIRES,LA LIBERTAD AVANZA,45.3,0.63,0.277,0.415,5855242
210,"Pietragalla Corti, Horacio",BUENOS AIRES,UNIÓN POR LA PATRIA,45.3,0.717,0.395,0.11,7290712
211,"Picat, Luis Albino",CORDOBA,LA LIBERTAD AVANZA,45.2,0.987,0.105,0.081,7497829
212,"Salzmann, Marina Dorotea",BUENOS AIRES,UNIÓN POR LA PATRIA,44.6,0.709,0.261,0.286,6010936
213,"Selva, Sabrina",BUENOS AIRES,UNIÓN POR LA PATRIA,44.6,0.939,0.182,0.026,5420634
214,"Tepp, Caren",SANTA FE,UNIÓN POR LA PATRIA,44.6,0.609,0.443,0.188,4690350
215,"Vera, Andrea Fernanda",BUENOS AIRES,LA LIBERTAD AVANZA,44.5,0.603,0.256,0.458,7492870
216,"Marclay, Marianela",ENTRE RIOS,UNIÓN POR LA PATRIA,44.1,0.865,0.186,0.121,5237871
217,"Reichardt, Karen",BUENOS AIRES,LA LIBERTAD AVANZA,43.9,0.719,0.319,0.158,5921060
218,"Fernández, Elia Marina",TUCUMAN,INDEPENDENCIA,43.8,0.832,0.102,0.278,6173521
218,"Schiaretti, Juan",CORDOBA,PROVINCIAS UNIDAS,43.8,0.74,0.138,0.375,6331806
220,"Ravier, Adrián",LA PAMPA,LA LIBERTAD AVANZA,43.7,0.774,0.103,0.365,4477249
221,"Montenegro, Guillermo",BUENOS AIRES,LA LIBERTAD AVANZA,43.6,0.554,0.418,0.273,6522094
222,"Osuna, Blanca Inés",ENTRE RIOS,UNIÓN POR LA PATRIA,43.4,0.723,0.364,0.068,6316020
223,"Tortoriello, Aníbal",RIO NEGRO,LA LIBERTAD AVANZA,43.0,0.646,0.195,0.415,4894005
224,"Ritondo, Cristian A.",BUENOS AIRES,PRO,42.6,0.616,0.478,0.05,7252498
225,"Correa Llano, Facundo",MENDOZA,LA LIBERTAD AVANZA,42.4,0.858,0.205,0.037,6948508
226,"Metral Asensio, Julieta",MENDOZA,LA LIBERTAD AVANZA,42.3,0.559,0.307,0.368,5615416
227,"Herrera, Oscar",MISIONES,INNOVACIÓN FEDERAL,42.2,0.869,0.202,0.014,5140119
228,"Juliano, Pablo",BUENOS AIRES,PROVINCIAS UNIDAS,42.0,0.843,0.125,0.155,5763017
229,"Lousteau, Martín",CIUDAD DE BUENOS AIRES,PROVINCIAS UNIDAS,41.8,0.592,0.222,0.416,7074020
230,"Giampieri, Antonela",CIUDAD DE BUENOS AIRES,PRO,41.7,0.845,0.163,0.088,5268496
231,"Gomez, José",SANTIAGO DEL ESTERO,UNIÓN POR LA PATRIA,41.6,0.723,0.354,0.01,5611724
232,"Gallardo, María Virginia",CORRIENTES,LA LIBERTAD AVANZA,41.3,0.689,0.288,0.148,5700277
233,"Almirón, Lisandro",CORRIENTES,LA LIBERTAD AVANZA,41.2,0.729,0.269,0.104,6287408
234,"Fernández, Jorge",SAN LUIS,PRIMERO SAN LUIS,41.2,0.896,0.126,0.036,5879057
235,"Torres, Alejandra",CORDOBA,PROVINCIAS UNIDAS,40.9,0.683,0.312,0.108,6123413
236,"Goitia, Rosario",CHACO,LA LIBERTAD AVANZA,40.7,0.68,0.368,0.026,4818621
237,"Fregonese, Alicia",ENTRE RIOS,PRO,40.6,0.824,0.102,0.161,5521484
238,"Gruber, Maura",MISIONES,LA LIBERTAD AVANZA,40.5,0.663,0.202,0.278,5840554
239,"del Caño, Nicolás",BUENOS AIRES,FRENTE DE IZQUIERDA Y DE TRABAJADORES UNIDAD,40.0,0.744,0.248,0.062,6894998
240,"Martínez, Álvaro",MENDOZA,LA LIBERTAD AVANZA,40.0,0.709,0.204,0.179,5540222
241,"Flores, Maria Gabriela",SALTA,LA LIBERTAD AVANZA,39.7,0.815,0.134,0.097,6480559
242,"Garrido, José Luis",SANTA CRUZ,POR SANTA CRUZ,39.2,0.687,0.24,0.133,5698788
243,"Barbur, Marcelo",SANTIAGO DEL ESTERO,UNIÓN POR LA PATRIA,38.8,0.688,0.115,0.292,5556402
244,"Chiconi, Abel",SAN JUAN,LA LIBERTAD AVANZA,38.5,0.575,0.181,0.365,6244944
245,"Urien, Hernán",BUENOS AIRES,LA LIBERTAD AVANZA,38.1,0.823,0.108,0.055,5465982
246,"Scaglia, Gisela",SANTA FE,PROVINCIAS UNIDAS,37.7,0.754,0.177,0.054,6169425
247,"Sand, Nancy",CORRIENTES,UNIÓN POR LA PATRIA,37.6,0.598,0.227,0.228,5916988
248,"Giudici, Silvana",CIUDAD DE BUENOS AIRES,LA LIBERTAD AVANZA,37.2,0.576,0.111,0.412,5935553
249,"Basualdo, Atilio",FORMOSA,LA LIBERTAD AVANZA,37.2,0.612,0.104,0.363,6427646
250,"Morchio, Francisco",ENTRE RIOS,LA LIBERTAD AVANZA,36.9,0.723,0.196,0.045,6124097
251,"Villaverde, Lorena",RIO NEGRO,LA LIBERTAD AVANZA,36.9,0.618,0.108,0.335,5865104
252,"Ferraro, Maximiliano",CIUDAD DE BUENOS AIRES,COALICION CIVICA,36.6,0.686,0.216,0.064,7478524
253,"Coletta, Mariela",CIUDAD DE BUENOS AIRES,PROVINCIAS UNIDAS,36.6,0.588,0.111,0.367,7488540
254,"Borgatta, Alejandrina",SANTA FE,UNIÓN POR LA PATRIA,36.1,0.689,0.225,0.026,7159865
255,"Agüero, Guillermo César",CHACO,UCR - UNIÓN CÍVICA RADICAL,35.9,0.574,0.296,0.104,6416881
256,"Pagano, Marcela Marina",BUENOS AIRES,COHERENCIA,34.3,0.572,0.172,0.217,6659761
257,"Campero, Mariano",TUCUMAN,LA LIBERTAD AVANZA,33.7,0.595,0.137,0.205,6794032
